game_date,opponent,nets_score,opponent_score,attendance
2025-10-24,Cleveland Cavaliers,124,131,17548
2025-10-29,Atlanta Hawks,112,117,17548
2025-11-02,Philadelphia 76ers,105,129,17548
2025-11-03,Minnesota Timberwolves,109,125,17287
2025-11-07,Detroit Pistons,107,125,17548
2025-11-11,Toronto Raptors,106,119,17233
2025-11-18,Boston Celtics,99,113,18118
2025-11-24,New York Knicks,100,113,18019
2025-11-28,Philadelphia 76ers,103,115,17809
2025-12-01,Charlotte Hornets,116,103,16443
2025-12-04,Utah Jazz,110,123,16485
2025-12-06,New Orleans Pelicans,119,101,17055
2025-12-14,Milwaukee Bucks,127,82,16439
2025-12-18,Miami Heat,95,106,17548
2025-12-21,Toronto Raptors,96,81,17548
2025-12-23,Philadelphia 76ers,114,106,19746
2026-01-04,Denver Nuggets,127,115,17548
2026-01-07,Orlando Magic,103,104,16916
2026-01-09,LA Clippers,105,121,17548
2026-01-16,Chicago Bulls,112,109,17548
2026-01-19,Phoenix Suns,117,126,17344
2026-01-23,Boston Celtics,126,130,17727
2026-02-03,Los Angeles Lakers,109,125,18248
2026-02-07,Washington Wizards,127,113,17548
2026-02-09,Chicago Bulls,123,115,17038
2026-02-11,Indiana Pacers,110,115,16779
2026-02-24,Dallas Mavericks,114,123,16510
2026-02-26,San Antonio Spurs,110,126,17548
2026-03-01,Cleveland Cavaliers,102,106,17804
2026-03-09,Memphis Grizzlies,126,115,16543
2026-03-10,Detroit Pistons,100,138,17548
2026-03-16,Portland Trail Blazers,95,114,17030
2026-03-18,Oklahoma City Thunder,92,121,17548
2026-03-20,New York Knicks,92,93,18017
2026-03-29,Sacramento Kings,116,99,17548
2026-03-31,Charlotte Hornets,86,117,18027
2026-04-03,Atlanta Hawks,107,141,17548
2026-04-05,Washington Wizards,121,115,17257
2026-04-07,Milwaukee Bucks,96,90,16834
2026-04-09,Indiana Pacers,94,123,17548
