game_date,tip_time_et,opponent,game_type
2026-10-21,19:30,Charlotte Hornets,regular
2026-10-25,18:00,Indiana Pacers,regular
2026-10-30,19:30,Detroit Pistons,nba_cup
2026-11-04,19:30,Charlotte Hornets,regular
2026-11-16,19:30,Philadelphia 76ers,regular
2026-11-18,19:30,Chicago Bulls,regular
2026-11-20,19:30,Orlando Magic,nba_cup
2026-11-30,19:30,Oklahoma City Thunder,regular
2026-12-13,15:00,Boston Celtics,regular
2026-12-16,19:30,Dallas Mavericks,regular
2026-12-18,19:30,Orlando Magic,regular
2026-12-20,15:00,Washington Wizards,regular
2026-12-21,19:30,Portland Trail Blazers,regular
2026-12-23,19:30,San Antonio Spurs,regular
2026-12-26,18:00,New Orleans Pelicans,regular
2027-01-06,19:30,Utah Jazz,regular
2027-01-07,19:30,Miami Heat,regular
2027-01-09,18:00,Houston Rockets,regular
2027-01-20,19:00,Chicago Bulls,regular
2027-01-21,19:30,Cleveland Cavaliers,regular
2027-01-23,18:00,Toronto Raptors,regular
2027-01-25,19:30,Miami Heat,regular
2027-01-27,19:30,Phoenix Suns,regular
2027-01-29,19:30,LA Clippers,regular
2027-02-01,19:30,New York Knicks,regular
2027-02-04,19:30,Los Angeles Lakers,regular
2027-02-06,18:00,Washington Wizards,regular
2027-02-09,19:30,Minnesota Timberwolves,regular
2027-02-17,19:30,Atlanta Hawks,regular
2027-02-25,19:30,Philadelphia 76ers,regular
2027-03-09,19:30,Milwaukee Bucks,regular
2027-03-15,19:30,Indiana Pacers,regular
2027-03-21,15:00,Sacramento Kings,regular
2027-03-23,19:30,Boston Celtics,regular
2027-03-25,19:30,Denver Nuggets,regular
2027-03-28,15:00,Memphis Grizzlies,regular
2027-03-29,19:30,Golden State Warriors,regular
2027-03-31,19:30,Cleveland Cavaliers,regular
2027-04-02,19:30,New York Knicks,regular
2027-04-11,18:00,Toronto Raptors,regular
